Date,Time,Loc,"Left Leg
 Top/Bottom","Right Leg
 Top/Bottom",RFID No.,Band No.,"If recap, year caught","Tarsus
 (mm)","Skull
 (mm)",Wing (mm),Body mass (g),Forehead Black Width (mm),Species,Notes,Submitted to BBL portal (yes/no)
9/16/2023,10:30,SC,Blue/Alum,RFID Yellow,3B0048925C,1570-79187,,20.4,27.5,69,11.23,,BCCH,,
9/16/2023,10:45,SC,RFID Grey,Black/Alum,01103F7C5D,1570-79180,,14.4,26.9,63,10.66,,BCCH,,
9/17/2023,9:30,SC,Green/Alum,RFID Purple,3B001925F2,1570-79182,,16.9,27.6,70,12.38,,BCCH,,
10/17/2023,8:45,SC,Red/Alum,RFID Black,3B0018CDD9,1570-79181,,17.7,26.3,65,10.85,,BCCH,,
10/17/2023,9:00,SC,RFID Yellow,Black/Alum,3B004929CE,1570-79250,,16.4,27.5,69,11.49,,BCCH,,
10/17/2023,9:00,SC,Green/Alum,RFID Purple,recap,1570-79182,2023,17,27.9,70,12.38,,BCCH,,
10/22/2023,9:45,UM,RFID Blue,Yellow/Alum,3B00184B08,2940-51612,,17.6,27.5,66,10.59,,BCCH,,
10/22/2023,10:00,UM,RFID Green,Black/Alum,3B0018310A,2940-51613,,17.7,28.3,67,12.15,,BCCH,,
10/24/2023,10:00,SC,Green/Alum,RFID Green,3B0018B626,2940-51614,,14.3,26.9,61,9.97,,BCCH,,
10/26/2023,n/a,PP,Red/Alum,RFID Black,recap,1570-79181,2023,15.4,26.5,65,11.1,,BCCH,,
10/26/2023,n/a,Pines,RFID White,Black/Alum,3B0049A4B2,1570-79203,,14.9,27.6,64,11.92,,BCCH,,
10/26/2023,n/a,Pines,Red/Alum,RFID Purple,3B001898DD,1570-79249,,15.4,26.2,63,10.42,,BCCH,,
11/7/2023,n/a,SC,Yellow/Alum,RFID Purple,3B00182AA7,2940-51615,,16,25.5,65,11.92,,BCCH,,
11/7/2023,n/a,SC,Green/Alum,RFID Grey,01103F5B17,2940-51616,,16.7,27.8,62,10.14,,BCCH,,
11/11/2023,9:30,SC,Green/Alum,RFID Grey,recap,2940-51616,2023,16.8,25.9,62,10.25,,BCCH,,
11/30/2023,10:40,FP,RFID Yellow,Yellow/Alum,3B0018C779,2940-51617,,17.6,27.5,68,11.68,,BCCH,,
11/30/2023,10:40,FP,Yellow/Alum,RFID Black,3B0018AF3D,2940-51619,,17.5,25.5,60,11.12,,BCCH,,
12/2/2023,10:15,SC,White/Alum,N/A,recap,1570-79166,2021,17.1,27,68,11.04,,BCCH,STUMPY!!!!!!! alive and thriving,
12/2/2023,10:19,SC,RFID Grey,Blue/Alum,01103F8B01,2940-51618,,16.8,27.7,66,12.07,,BCCH,"Band combo originally Blue/Alum (left) and RFID grey (right), but were put on the wrong way around",
12/2/2023,10:19,SC,RFID Grey,Green/Alum,01103FC30B,2940-51698,,16.9,25.6,64,10.44,,BCCH,,
12/2/2023,10:19,SC ,RFID Black,Red/Alum,3B0018AEAB,2940-51697,,17.7,26.9,64,10.72,,BCCH,,
12/2/2023,10:19,PP,Red/Alum,RFID Blue,3B00181623,2940-51620,,16.1,26.2,63,10.27,,BCCH,,
12/2/2023,11:15,SC,RFID Yellow,Green/Alum,3B00191D5F,2940-51622,,17,27.6,68,12.07,,BCCH,,
12/4/2023,15:05,MS,Yellow/Alum,RFID Black,recap,2940-51619,2023,n/a,n/a,n/a,n/a,,BCCH,,
12/4/2023,15:05,MS,RFID Yellow,Yellow/Alum,recap,2940-51917,2023,n/a,n/a,n/a,n/a,,BCCH,,
12/5/2023,11:00,Pines,RFID Yellow,Red/Alum,3B001914FC,2940-51623,,18,27.1,60,10.17,,BCCH,,
12/9/2023,10:00,R9,RFID Black,Green/Alum,3B00185ADA,2940-51624,,18.5,26.2,66,11.61,,BCCH,,
12/14/2023,10:15,R9,Yellow/Alum,RFID Blue,3B00182A32,1570-79248,,17.4,26.8,59,10.68,,BCCH,,
12/15/2023,10:30,R9,Red/Alum,RFID Yellow,3B00191147,1570-70247,,16.7,26.1,66,11.26,,BCCH,,
12/15/2023,10:30,R9,Blue/Alum,RFID Purple,3B00194372,1570-79232,,17,26.3,65,11.72,,BCCH,,
12/15/2023,10:30,R9,RFID Green,Green/Alum,3B00185F99,1570-79242,,16.3,26.5,65,10.19,,BCCH,,
12/15/2023,10:30,R9,RFID Black,Orange/Alum,3B0018414E,1570-79241,,17.5,27.9,67,11.67,,BCCH,,
12/15/2023,10:30,R9,Red/Alum,RFID Grey,recap,1570-79170,2022,16.8,27.4,66,11.75,,BCCH,,
12/15/2023,11:35,R9,RFID Green,Orange/Alum,3B0018375B,1570-79240,,16.5,27.1,63,10.18,,BCCH,,
12/15/2023,11:35,R(,Black/Alum,RFID Red,recap,1570-79176,2022,17.5,27.2,70,11.2,,BCCH,,
9/16/2023,10:27,SC,RFID Grey,Orange/Alum,3B004B0513,2711-04908,,20.5,32.9,80,15.74,,TUTI,,
9/26/2023,8:30,PP,Yellow/Alum,RFID Grey,3B004A345A,2711-04909,,22,32,82,23.1,,TUTI,,
9/26/2023,8:56,MS,Black/Alum,RFID Grey,3B004C7ED7,2711-04910,,23.4,31.6,82,22.42,,TUTI,,
9/26/2023,9:30,SC,RFID Grey,Orange/Alum,recap,2711-04908,2023,n/a,n/a,n/a,n/a,,TUTI,,
10/1/2023,9:15,PP ,Red/Alum,RFID Green,3B004BE488,2711-04911,,20.6,30.8,81,22.58,,TUTI,,
10/1/2023,9:15,PP,Yellow/Alum,RFID Green,3B004DAD43,2711-04912,,22,31.5,83,23.57,,TUTI,,
10/1/2023,10:09,UM,RFID Grey,Yellow/Alum,recap,2711-04477,2022,19.5,31.7,n/a,n/a,,TUTI,,
10/1/2023,10:09,UM,Black/Alum,RFID Green,3B00483415,2711-04913,,21.9,31.9,73,20.19,,TUTI,,
10/1/2023,10:09,UM,Blue/Alum,RFID Green,3B00197F34,2711-04914,,23.7,31.7,78,21.53,,TUTI,,
10/5/2023,n/a,MS,Blue/Alum,RFID Grey,3B004BBC02,2711-04915,,20.06,31.6,79,23.27,,TUTI,,
10/5/2023,n/a,SC,Green/Alum,RFID Grey,3B004810CA,2711-04917,,22.2,31.4,80,22.24,,TUTI,,
10/5/2023,n/a,UM,RFID Grey,Yellow/Alum,recap,2711-04477,2022,21.2,32,80,22.77,,TUTI,,
10/12/2023,8:30,SC,RFID Grey,Black/Alum,recap,2711-04479,2022,20.2,31.1,82,22.95,,TUTI,,
10/12/2023,9:15,PP,Yellow/Alum,RFID Grey,recap,2711-04909,2023,21.6,31.5,82,22.25,,TUTI,,
10/12/2023,9:15,PP,Green/Alum,RFID Green,3B004C0CD4,2711-04918,,23,32.1,84,22.63,,TUTI,,
10/12/2023,9:30,SC,Blue/Alum,RFID Green,recap,2711-04914,2023,21.2,29.8,79,21.68,,TUTI,,
10/14/2023,n/a,FP,Orange/Alum,RFID Grey,3B0048A97B,2711-04919,,23.6,32.1,82,23.35,,TUTI,,
10/14/2023,n/a,FP,Orange/Alum,RFID Green,3B0048EA2F,2711-04995,,21.5,31.8,82,21.29,,TUTI,,
10/14/2023,n/a,FP,Red/Alum,RFID Blue,3B00182B84,2711-04994,,22,31.7,82,23.92,,TUTI,,
10/14/2023,n/a,FP,Yellow/Alum,RFID Blue,3B0048B8D0,2711-04993,,20.7,33.6,80,24.02,,TUTI,,
10/14/2023,9:51,PP,Black/Alum,RFID Blue,3B00199ABA,2711-04984,,20.5,30,80,20.46,,TUTI,,
10/14/2023,9:51,PP,Red/Alum,RFID Green,recap,2711-04911,2023,19,31.5,76,22.15,,TUTI,,
10/16/2023,8:15,SC,RFID Grey,Orange/Alum,recap,2711-04908,2023,22,32.2,83,n/a,,TUTI,,
10/16/2023,8:15,SC,Green/Alum,RFID Grey,recap,2711-04917,2023,22,31.5,80,n/a,,TUTI,,
10/16/2023,8:15,SC ,Blue/Alum,RFID Green,recap,2711-04914,2023,21.4,29.8,80,n/a,,TUTI,,
10/17/2023,8:40,SC,Green/Alum,RFID Grey,recap,2711-04917,2023,23.8,31,79,21.75,,TUTI,We caught this same bird the day before - poor guy had a rough 2 days,
10/17/2023,8:40,SC,Blue/Alum,RFID Blue,3B00191480,2711-04920,,19.3,31.6,82,22.52,,TUTI,,
10/17/2023,9:50,PP,Yellow/Alum,RFID Green,recap,2711-04912,2023,19.9,30.8,81,22.93,,TUTI,,
10/17/2023,9:50,PP,Red/Alum,RFID Green,recap,2711-04911,2023,21.8,31.1,76,22.84,,TUTI,Why is this one highlighted?,
10/19/2023,9:00,PP,Black/Alum,RFID Blue,recap,2711-04984,2023,21,31.1,79,19.93,,TUTI,,
10/19/2023,9:30,MS,Orange/Alum,RFID Grey,recap,2711-04919,2023,23.5,32.5,84,22.75,,TUTI,,
10/19/2023,9:47,SC,Green/Alum,RFID Green,recap,2711-04918,2023,22.6,31.2,83,20.18,,TUTI,,
10/22/2023,8:30,SC,Blue/Alum,RFID Green,recap,2711-04914,2023,20.9,31.5,80,21.62,,TUTI,,
10/22/2023,8:51,MS,Red/Alum,RFID Blue,recap,2711-04994,2023,21.5,32.2,85,23.35,,TUTI,,
10/22/2023,8:55,UM,Green/Alum,RFID Blue,3B00187434,2711-04988,,21.3,31.7,83,20.67,,TUTI,,
10/22/2023,9:00,SC,Blue/Alum,RFID Blue,recap,2711-04920,2023,21.3,31.9,86,22.57,,TUTI,Tarsus and Wing starred,
10/22/2023,9:30,PP,Orange/Alum,RFID Blue,3B001828A9,2711-04922,,22.1,31.2,82,21.57,,TUTI,,
10/24/2023,10:00,PP,Yellow/Alum,RFID Grey,recap,2711-04909,2023,22.5,32.2,85,22.31,,TUTI,,
10/24/2023,10:00,Pines,Orange/Alum,RFID Red,3B0048F2EB,2711-04992,,21.5,31.5,78,20.96,,TUTI,,
10/24/2023,10:00,Pines,Yellow/Alum,RFID Black,3B0049DE65,2711-04924,,20.3,31.4,80,20.51,,TUTI,,
10/24/2023,10:00,Pines,Red/Alum,RFID Black,3B0018BA65,2711-04925,,21.8,31,82,22.01,,TUTI,,
10/24/2023,10:45,MS,RFID White,Yellow/Alum,recap,2940-51621,2022,20.5,30.8,80,19.14,,TUTI,,
10/24/2023,n/a,UM,Black/Alum,RFID Black,3B00485EFA,2711-04923,,21.3,30.9,87,25.3,,TUTI,,
10/24/2023,n/a,Pines,Blue/Alum,RFID Black,3B004899C9,2711-04926,,20.1,30.7,81,22.64,,TUTI,,
10/26/2023,9:15,SC,Blue/Alum,RFID Green,recap,2711-04914,2023,21.3,31,80,20.84,,TUTI,Caught 5 times this year!,
10/26/2023,10:10,Pines,Green/Alum,RFID Black,3B004BD1E4,2711-04927,,22.4,31.8,79,21.33,,TUTI,,
10/28/2023,10:20,Pines,Orange/Alum,RFID Black,3B00191310,2711-04928,,22,29,79,22.34,,TUTI,,
10/28/2023,10:20,Pines,Red/Alum,RFID Purple,01103FD94D,2711-04929,,21.4,31.1,81,20.95,,TUTI,,
10/28/2023,n/a,SC ,Black/Alum,RFID Blue,recap,2711-04984,2023,19,20.2,79,20.85,,TUTI,,
10/31/2023,n/a,UM ,Black/Alum,RFID Green,recap,2711-04913,2023,n/a,n/a,n/a,n/a,,TUTI,,
10/31/2023,n/a,Pines,Yellow/Alum,RFID Black,recap,2711-04924,2023,21.8,31.1,83,20.52,,TUTI,,
10/31/2023,9:55,Pines,Green/Alum,RFID Black,recap,2711-04927,2023,22.9,30.8,79,n/a,,TUTI,,
11/5/2023,9:16,UM,Yellow/Alum,RFID Purple,01103FDD0C,2711-04930,,21.7,29.9,78,19.89,,TUTI,,
11/5/2023,9:39,UM,Black/Alum,RFID Grey,recap,2711-04910,2023,22.6,31.1,85,n/a,,TUTI,escaped before mass,
11/5/2023,9:54,PP ,Yellow/Alum,RFID Green,recap,2711-04912,2023,22.5,31.1,81,22.57,,TUTI,,
11/5/2023,9:58,Pines,Yellow/Alum,RFID Black,recap,2711-04924,2023,22,30.6,82,20.73,,TUTI,,
11/7/2023,8:50,SC,RFID Grey,Orange/Alum,recap,2711-04908,2023,21,30.5,83,23.2,,TUTI,,
11/7/2023,8:50,Pines,Orange/Alum,RFID Black,recap,2711-04928,2023,21,30.04,82,22.16,,TUTI,,
11/7/2023,9:30,Pines,Green/Alum,RFID Blue,recap,2711-04988,2023,22,31,81,20.46,,TUTI,,
11/7/2023,9:30,Pines,Yellow/Alum,RFID Purple,recap,2711-04930,2023,21.5,30.7,78,19.72,,TUTI,,
11/11/2023,9:00,SC,Blue/Alum,RFID Green,recap ,2711-04914,2023,20.5,30.1,80,20.97,,TUTI,Now 6 times for this guy!,
11/11/2023,9:00,SC ,Green/Alum,RFID Grey,recap,2711-04917,2023,21.1,31.6,81,21.56,,TUTI,,
11/11/2023,9:40,SC,Black/Alum,RFID Green,recap,2711-04913,2023,20,30.7,79,20.26,,TUTI,,
11/11/2023,9:40,SC ,Black/Alum,RFID Grey,recap,2711-04910,2023,20.8,31.4,85,21.92,,TUTI,,
11/11/2023,10:30,SC,Blue/Alum,RFID Blue,recap,2711-04920,2023,20.3,32.1,84,22.52,,TUTI,,
11/11/2023,10:30,SC ,RFID Grey,Orange/Alum,recap,2711-04908,2023,20.6,31,84,23.82,,TUTI,caught 5 times,
11/14/2023,10:10,BW,Black/Alum,RFID Purple,01103FDA1F,2711-04983,,20.2,31.5,78,20,,TUTI,,
11/16/2023,10:00,Pines,Red/Alum,RFID Purple,recap,2711-04929,2023,21.5,30.3,79,21.39,,TUTI,,
11/16/2023,10:00,Pines,Orange/Alum,RFID Black,recap,2711-04928,2023,21.4,28.2,78,22.11,,TUTI,head measurement is small but this guy had a visibly small head so i think it's correct,
11/16/2023,10:30,BW,Black/Alum,RFID Purple,recap,2711-04983,2023,n/a,n/a,n/a,n/a,,TUTI ,"banded this guy two days earlier, so did not repeat measurements",
11/16/2023,10:30,R9,Blue/Alum,RFID Purple,01103FDE61,2711-04981,,21.9,31.8,81,22.13,,TUTI,,
11/16/2023,10:30,R9,Green/Alum,RFID Purple,01103FDE69,2711-04980,,21.9,32.1,77,19.47,,TUTI,small guy,
11/16/2023,10:30,BW,Orange/Alum,RFID Purple,3B00194684,2711-04979,,22.2,31.9,78,19.78,,TUTI,,
11/16/2023,10:30,BW,RFID Yellow,Yellow/Alum,3B00494FE7,2711-04978,,23,31.5,78,21.83,,TUTI,,
11/16/2023,10:30,BW,RFID Yellow,Black/Alum,3B004BC650,2711-04977,,23.4,32.1,87,23.61,,TUTI ,big wing but it's correct,
11/16/2023,10:30,BW ,RFID Black,Red/Alum,recap,2711-04997,2022,,,,,,TUTI,"fed at R9 mostly, BW a couple times last year",
11/16/2023,10:30,BW,Red/Alum,RFID Yellow,3B004BF9D9,2711-04976,,22.5,31.3,79,20.42,,TUTI,,
11/16/2023,10:30,BW,Black/Alum,RFID Yellow,3B004C8BEF,2711-04975,,21.3,31,80,20.64,,TUTI,,
11/30/2023,8:45,SC,RFID Grey,Black/Alum,recap,2711-04479,2022,22.7,30,81,24.54,,TUTI,fat ,
11/30/2023,10:15,Pines,RFID Black,Blue/Alum,recap,2711-04926,2023,21.1,31.8,80,22.68,,TUTI,,
11/30/2023,10:15,Pines,RFID Black,Yellow/Alum,recap,2711-04924,2023,21.5,30,79,20,,TUTI,,
11/30/2023,10:40,Pines,Red/Alum,RFID Black,recap,2711-04928,2023,n/a,n/a,n/a,n/a,,TUTI,,
11/30/2023,11:15,FP,RFID Black,Orange/Alum,3B0018A28A,2711-04974,,20.9,32.6,78,20.82,,TUTI,,
11/30/2023,11:30,FP,RFID Black,Blue/Alum,3B004C291C,2711-04932,,21.4,32.5,84,24.24,,TUTI,fat,
12/2/2023,9:16,BW,RFID Yellow,Yellow/Alum,recap,2711-04978,2023,23.6,33.4,79,21.28,,TUTI,,
12/2/2023,9:20,SC,Blue/Alum,RFID Green,recap,2711-04914,2023,21.3,30.07,79,20.79,,TUTI,caught 7 times this year! ,
12/2/2023,9:20,BW,Black/Alum,RFID Purple,recap,2711-04983,2023,19.5,31,80,19.82,,TUTI,,
12/2/2023,9:30,UM,RFID Grey,Yellow/Alum,recap,2711-04477,2022,22.5,32.1,85,22.24,,TUTI,,
12/2/2023,9:30,SC,Green/Alum,RFID Grey,recap,2711-04917,2023,21.7,31.9,79,20,,TUTI,,
12/2/2023,9:43,SC,Blue/Alum,RFID Blue,recap,2711-04920,2023,22.1,32,n/a,n/a,,TUTI,,
12/2/2023,9:45,Pines,RFID Blue,Green/Alum,recap,2711-04492,2022,22.6,31.9,87,22.92,,TUTI,,
12/2/2023,9:45,Pines,RFID Purple,Blue/Alum,3B0018F7AF,2711-04933,,21,31.8,77,20.84,,TUTI,,
12/2/2023,10:35,UM,Black/Alum,RFID Green,recap,2711-04913,2023,20.7,31.5,77,20.4,,TUTI,,
12/2/2023,10:45,BW,Yellow/Alum,RFID Red,3B0018229B,2711-04973,,22.4,31.6,77,22.46,,TUTI,,
12/4/2023,14:45,MS,RFID Black,Blue/Alum,recap,2711-04932,2023,22.5,32.5,83,24.84,,TUTI,,
12/5/2023,9:14,PP,RFID Yellow,Blue/Alum,3B0019BAD5,2711-04971,,21.6,30.9,79,20.72,,TUTI,,
12/5/2023,9:47,Pines,Yellow/Alum,RFID White,3B00193B9F,2711-04972,,23,32,85,23.41,,TUTI,,
12/5/2023,10:00,Pines,Orange/Alum,RFID White,3B0048985E,2711-04935,,22,32.9,85,22.13,,TUTI,,
12/5/2023,15:00,FP,Orange/Alum,RFID Red,recap,2711-04992,2023,n/a,n/a,n/a,n/a,,TUTI,,
12/5/2023,15:00,FP ,Blue/Alum,RFID Red,3B004C2890,2711-04967,,19.1,32.7,83,24.79,,TUTI,,
12/5/2023,15:00,FP,Black/Alum,RFID Black,recap,2711-04923,2023,n/a,n/a,n/a,n/a,,TUTI,,
12/5/2023,15:00,FP ,Blue/Alum,RFID Grey,recap ,2711-04915,2023,n/a,n/a,n/a,n/a,,TUTI,,
12/7/2023,9:15,SC,Yellow/Alum,RFID Grey,recap,2711-04909,2023,21.5,31.6,81,22.17,,TUTI,,
12/8/2023,14:00,MS,RFID Yellow,Blue/Alum,recap,2711-04971,2023,19.2,30,78,21.02,,TUTI,,
12/8/2023,14:00,MS,RFID Red,Orange/Alum,3B00495201,2711-04934,,20.8,31.9,81,22.45,9.1,TUTI,,
12/8/2023,14:00,MS,RFID Black,Green/Alum,3B004CDC68,2711-04970,,19.9,31.9,83,23.95,10.1,TUTI,,
12/8/2023,14:00,MS,RFID Green,Orange/Alum,recap,2711-04995,2023,21.5,32.2,82,21.78,7.3,TUTI,,
12/8/2023,14:00,MS,Orange/Alum,RFID Red,recap,2711-04992,2023,20.5,32.1,76,21.8,5.5,TUTI,,
12/8/2023,14:00,UM,Black/Alum,RFID Green,recap,2711-04913,2023,22.2,31.3,75,21.23,8.1,TUTI,,
12/8/2023,14:08,SC,Blue/Alum,RFID Green,recap,2711-04914,2023,n/a,n/a,n/a,n/a,6.4,TUTI,this makes 8 times! ,
12/8/2023,14:08,SC,Green/Alum,RFID Grey,recap ,2711-04917,2023,21.6,31.6,80,23.07,7.8,TUTI,6 times for this guy! and caught like 3 times with 04914 so they're buddies which is cute :),
12/8/2023,14:15,Pines,Orange/Alum,RFID Black,recap,2711-04928,2023,22.7,29.4,78,22.73,7.1,TUTI,,
12/8/2023,14:45,UM,Black/Alum,RFID Grey,recap,2711-04910,2023,21.1,31.9,80,23.29,8.8,TUTI,,
12/8/2023,13:45,MS,RFID Grey,Orange/Alum,recap,2711-04908,2023,n/a,n/a,n/a,n/a,n/a,TUTI,,
12/8/2023,15:15,MS,Red/Alum,RFID Blue,recap,2711-04994,2023,n/a,n/a,n/a,n/a,n/a,TUTI,,
12/8/2023,15:15,MS,RFID Black,Orange/Alum,recap,2711-04974,2023,n/a,n/a,n/a,n/a,n/a,TUTI,,
12/9/2023,9:30,R9,Black/Alum,RFID Purple,recap,2711-04983,2023,21.1,33.2,77,20,6.1,TUTI,,
12/9/2023,9:40,BW,Orange/Alum,RFID Purple,recap,2711-04979,2023,22.2,32.5,77,20.08,pic?,TUTI,,
12/9/2023,9:50,Pines,Yellow/Alum,RFID White,recap,2711-04972,2023,21.9,31.4,86,22.89,pic?,TUTI,,
12/9/2023,9:50,Pines,Orange/Alum,RFID Black,recap,2711-04928,2023,,,,,pic?,TUTI,,
12/9/2023,9:50,Pines,Green/Alum,RFID Black,recap,2711-04927,2023,20.7,31.7,79,21.47,pic? ,TUTI,,
12/9/2023,10:30,BL,Red/Alum,RFID Blue,recap,2711-04994,2023,n/a,n/a,n/a,n/a,pic? ,TUTI,caught the day before at MS,
12/9/2023,10:30,R9,Green/Alum,RFID Purple,recap,2711-04980,2023,n/a,n/a,n/a,n/a,pic?,TUTI,,
12/9/2023,10:30,R9,Red/Alum,RFID Yellow,recap,2711-04976,2023,n/a,n/a,n/a,n/a,pic?,TUTI,,
12/9/2023,10:30,R9,Blue/Alum,RFID Purple,recap,2711-04981,2023,n/a,n/a,n/a,n/a,pic? ,TUTI,,
12/9/2023,10:40,Pines,Yellow/Alum,RFID Black,recap,2711-04924,2023,21.6,30.7,80,21.01,pic? ,TUTI,,
12/9/2023,11:00,BL,RFID Purple,Yellow/Alum,01103FDC1F,2711-04969,,21.4,31.5,83,22.18,pic? ,TUTI,,
12/9/2023,11:00,BL,RFID Purple,Black/Alum,01103FDA4E,2711-04966,,22.5,31.2,75,20.85,pic?,TUTI,,
12/9/2023,11:00,BL,RFID Purple,Green/Alum,01103FE6D4,2711-04937,,23.2,32,80,23.89,pic? ,TUTI,,
12/12/2023,9:05,BW,RFID Purple,Orange/Alum,01103FE374,2711-04965,,20.6,30.8,80.5,21.45,,TUTI,,
12/14/2023,8:30,FP,Orange/Alum,RFID Green,recap,2711-04995,2023,23.2,31.6,82,21.49,,TUTI,,
12/14/2023,9:10,FP,RFID Purple,Blue/Alum,recap,2711-04933,2023,22.3,31,78,20.14,,TUTI,,
12/14/2023,9:10,FP,RFID Black,Blue/Alum,recap,2711-04932,2023,,,,,,TUTI,,
12/14/2023,9:10,FP,Orange/Alum,RFID Red,recap,2711-04992,2023,,,,,,TUTI,,
12/14/2023,9:50,MS,Orange/Alum,RFID Grey,recap,2711-04919,2023,22.2,32.4,88,23.06,,TUTI,big wing but correct,
12/14/2023,9:50,MS,Black/Alum,RFID Black,recap,2711-04923,2023,22.4,31.4,85,24.85,,TUTI,,
12/15/2023,10:25,SC,Blue/Alum,RFID Green,recap,2711-04914,2023,,,,,,TUTI,caught 9 times,
12/15/2023,11:30,R9,Red/Alum,RFID Yellow,recap,2711-04976,2023,22.5,31.2,79,21.3,,TUTI,,
12/15/2023,11:40,BW,Black/Alum,RFID Yellow,recap,2711-04975,2023,22.1,30,80,21.15,,TUTI,,
12/15/2023,11:40,HP,Yellow/Alum,RFID Black,recap,2711-04924,2023,22.7,31.1,81,20.85,,TUTI,caught 6 times,
12/16/2023,9:45,Pines,Orange/Alum,RFID Black,recap,2711-04928,2023,20.8,31.4,78,22.03,,TUTI,cuaght 7 times,
12/16/2023,10:20,R9,Red/Alum,RFID Purple,recap,2711-04929,2023,21.2,31.3,81,21.51,,TUTI,,
12/16/2023,10:30,BL,RFID Purple,Green/Alum,recap,2711-04937,2023,20.5,30.3,79,21.89,,TUTI,,
12/16/2023,10:30,BL,Orange/Alum,RFID Yellow,3B004C76A3,2711-04964,,21.1,31,80,19.7,,TUTI,,
12/16/2023,10:50,R9,Green/Alum,RFID Purple,recap,2711-04980,2023,21.9,31.2,77,20.13,,TUTI,,
12/16/2023,11:45,BW,RFID Yellow,Yellow/Alum,recap,2711-04978,2023,21.2,31.3,80,21.86,,TUTI,,
12/16/2023,11:45,BW,RFID Black,Black/Alum,3B004C9DD3,2711-04939,,21.4,32.4,81,23.76,,TUTI,,
12/16/2023,11:45,BW,RFID Yellow,Black/Alum,recap,2711-04977,2023,22.6,31.8,81,24.71,,TUTI,,
10/18/2023,10:30,MS,Red/Alum,RFID Yellow,3B004BCBA7,2711-04921,,20.8,40.9,92,20.49,,WBNU,,
10/26/2023,10:15,Pines,Red/Alum,RFID Green,recap,2711-04500,2022,18.3,42,93,21.27,,WBNU,,
11/11/2023,9:40,SC,Green/Alum,RFID White,3B004B1BC8,2711-04985,,19.9,41,90,21.87,,WBNU,,
11/30/2023,11:30,SC,Orange/Alum,RFID White,3B0018FA4F,2711-04931,,20,39.5,90,20.27,,WBNU,,
12/4/2023,13:30,PP ,Black/Alum,RFID White,3B00191517,2711-04921,,19,37.8,91,22.18,,WBNU,,
12/5/2023,15:30,FP ,Red/Alum,RFID Yellow,recap,2711-04921,2023,19.7,39.8,91,21.24,,WBNU,,
12/8/2023,15:00,SC,Green/Alum,RFID White,recap,2711-04985,2023,19.8,39.1,90,23.5,,WBNU,,
12/9/2023,9:00,R9,Green/Alum,RFID Purple,3B00488F81,2711-04936,,18.3,41.6,94,22.47,,WBNU,,
9/29/2022,,UM,Blue/aluminum,RFID Black,recap,1570-79019,,not measured,27.4,69,11.57,,BCCH,,
10/27/2022,,R9,RFID Blue,Green/alum,recap,1570-79075,,not measured,26.7,66,10.61,,BCCH,,
9/27/2022,,MS,RFID Blue,Gray/aluminum,recap,1570-79077,,18.9,26.7,68,12.13,,BCCH,,
10/18/2022,,PP,RFID Blue,Gray/aluminum,recap,1570-79077,,not measured,not measured,not measured,not measured,,BCCH,,
10/18/2022,,PP,RFID Blue,Gray/aluminum,recap,1570-79077,,not measured,not measured,not measured,not measured,,BCCH,,
9/27/2022,,UM,Purple/alum,RFID Grey,recap,1570-79080,,21.6,26.2,70,11.94,,BCCH,,
9/29/2022,,not recorded,Purple/alum,RFID Grey,recap,1570-79080,,not measured,28.1,70,8.98,,BCCH,,
10/15/2022,,UM,Purple/alum,RFID Grey,recap,1570-79080,,not measured,not measured,not measured,not measured,,BCCH,,
11/1/2022,,not recorded,Purple/alum,RFID Grey,recap,1570-79080,,not measured,27.1,66,9.55,,BCCH,,
9/27/2022,,PP,RFID Black,Purple/alum,recap,1570-79084,,20.01,27,65,11.31,,BCCH,,
11/3/2022,,HP,Grey/aluminum,RFID White,recap,1570-79087,,not measured,27.2,67,10.33,,BCCH,,
10/6/2022,,BL,RFID Black,Lt Blue/alum,recap,1570-79112,,not measured,29.1,72,11.65,,BCCH,,
10/13/2022,,BL,RFID Black,Lt Blue/alum,recap,1570-79112,,not measured,26,72,12.13,,BCCH,,
10/4/2022,,FP,not recorded,not recorded,recap,1570-79140,,not measured,31.3,66,not measured,,BCCH,,
9/27/2022,,Pines,Green/aluminum,RFID Blue,recap,1570-79153,,not measured,26.5,64,10.36,,BCCH,,
10/18/2022,,UM,Green/aluminum,RFID Blue,recap,1570-79153,,not measured,not measured,not measured,not measured,,BCCH,,
10/18/2022,,UM,Green/aluminum,RFID Blue,recap,1570-79153,,not measured,not measured,not measured,not measured,,BCCH,,
10/15/2022,,not recorded,Grey/aluminum,RFID Grey,recap,1570-79154,,not measured,not measured,not measured,not measured,,BCCH,,
9/27/2022,,Pines,Orange/alum,RFID Yellow,recap,1570-79155,,20.05,20.95,65,not measured,,BCCH,,
10/15/2022,,not recorded,RFID Yellow,Orange/aluminum,recap,1570-79155,,not measured,not measured,not measured,not measured,,BCCH,,
9/27/2022,,SC,RFID Purple,Orange/aluminum,recap,1570-79158,,20.25,39.9,69,11.07,,BCCH,,
9/29/2022,,SC,RFID Pink,Orange/aluminum,recap,1570-79158,,not measured,27,65,11.04,,BCCH,,
9/27/2022,,Pines,RFID Yellow,Blue/alum,recap,1570-79161,,not measured,26.6,66,10.53,,BCCH,,
10/6/2022,,Pines,RFID Yellow,Blue/alum,recap,1570-79161,,not measured,31.9,62,10.57,,BCCH,,
11/1/2022,,Pines,RFID Yellow,Blue/alum,recap,1570-79161,,not measured,not measured,not measured,not measured,,BCCH,,
10/27/2022,,R9,Yellow/aluminum,RFID Green,recap,1570-79163,,not measured,not measured,not measured,not measured,,BCCH,,
10/6/2022,,BL,White/aluminum,RFID White,recap,1570-79164,,not measured,27.4,67,13.13,,BCCH,,
10/13/2022,,BL,White/aluminum,RFID White,recap,1570-79164,,not measured,28.1,70,12.67,,BCCH,,
11/3/2022,,BL,White/aluminum,RFID White,recap,1570-79164,,not measured,28.4,66,12.19,,BCCH,,
10/20/2022,,R9,RFID Blue,Black/aluminum,recap,1570-79168,,not measured,27.1,67,11.26,,BCCH,,
10/27/2022,,R9,RFID Blue,Black/aluminum,recap,1570-79168,,not measured,26.8,70,11.06,,BCCH,,
9/27/2022,,MS,Blue/aluminum,RFID Blue,3B00481F1E,1570-79169,,18.2,26.5,68,11.79,,BCCH,,
9/29/2022,,UM,Blue/aluminum,RFID Blue,recap,1570-79169,,not measured,26.4,67,11.63,,BCCH,,
10/11/2022,,MS,Blue/aluminum,RFID Blue,recap,1570-79169,,not measured,not measured,not measured,not measured,,BCCH,,
10/15/2022,,not recorded,Blue/aluminum,RFID Blue,recap,1570-79169,,not measured,not measured,not measured,not measured,,BCCH,,
10/18/2022,,not recorded,Blue/aluminum,RFID Blue,recap,1570-79169,,not measured,not measured,not measured,not measured,,BCCH,,
10/18/2022,,not recorded,Blue/aluminum,RFID Blue,recap,1570-79169,,not measured,not measured,not measured,not measured,,BCCH,,
10/25/2022,,Pines,Blue/aluminum,RFID Blue,recap,1570-79169,,not measured,not measured,not measured,not measured,,BCCH,,
11/1/2022,,not recorded,Blue/aluminum,RFID Blue,recap,1570-79169,,not measured,not measured,not measured,not measured,,BCCH,,
11/1/2022,,not recorded,Blue/aluminum,RFID Blue,recap,1570-79169,,not measured,not measured,not measured,not measured,,BCCH,,
9/27/2022,,Pines,Red/aluminum,RFID Grey,01103F9D11,1570-79170,,not measured,27.7,67,12.1,,BCCH,,
10/6/2022,,HP,red/aluminum,RFID Grey,recap,1570-79170,,not measured,30.3,63,11.83,,BCCH,,
10/13/2022,,BW,red/aluminum,RFID Grey,recap,1570-79170,,not measured,29.2,66,12.57,,BCCH,,
9/29/2022,,UM,RFID White,Green/alum,01103F930E,1570-79171,,not measured,26.2,67,8.07,,BCCH,,
10/4/2022,,BL,RFID Grey,Yellow/aluminum,011016D437,1570-79172,,not measured,not measured,not measured,not measured,,BCCH,,
10/15/2022,,not recorded,RFID Grey,Yellow/aluminum,recap,1570-79172,,not measured,not measured,not measured,not measured,,BCCH,,
10/4/2022,,BL,RFID Grey,Red/aluminum,01103FC21C,1570-79173,,not measured,26.4,66,11.91,,BCCH,,
10/4/2022,,Pines,RFID Grey,Red/aluminum,recap,1570-79173,,not measured,28.2,67,12.63,,BCCH,,
10/25/2022,,BL,RFID Grey,Red/aluminum,recap,1570-79173,,not measured,not measured,not measured,not measured,,BCCH,,
10/4/2022,,not recorded,RFID Red,Green/alum,01103FA3CB,1570-79174,,not measured,23.4,73,10.69,,BCCH,,
10/13/2022,,BL,RFID Red,Green/alum,recap,1570-79174,,not measured,27,65,11.4,,BCCH,,
10/27/2022,,BL,RFID Red,Green/alum,recap,1570-79174,,not measured,27.1,69,11.53,,BCCH,,
10/6/2022,,FP,Yellow/aluminum,RFID Red,01101743D4,1570-79175,,not measured,not measured,not measured,not measured,,BCCH,,
10/15/2022,,FP,Yellow/aluminum,RFID Red,recap,1570-79175,,not measured,not measured,not measured,not measured,,BCCH,,
10/15/2022,,not recorded,Yellow/aluminum,RFID Red,recap,1570-79175,,not measured,not measured,not measured,not measured,,BCCH,,
10/6/2022,,HP,Black/alum,RFID Red,01103F8128,1570-79176,,not measured,27,69,11.05,,BCCH,,
10/13/2022,,R9,Black/alum,RFID Red,recap,1570-79176,,not measured,28,69,11.24,,BCCH,,
10/15/2022,,UM,Red/aluminum,RFID Red,01103F7C12,1570-79177,,not measured,27.6,78,12.3,,BCCH,,
10/20/2022,,R9,Blue/aluminum,RFID Black,011016-E228,1570-79178,,not measured,27.6,68,12.58,,BCCH,,
10/20/2022,,BW,Blue/aluminum,RFID Black,recap,1570-79178,,not measured,27.6,68,12.58,,BCCH,,
10/27/2022,,not recorded,Blue/aluminum,RFID Black,recap,1570-79178,,not measured,26.7,68,not measured,,BCCH,,
10/25/2022,,Pines,Green/aluminum,RFID Red,011016BBD3,1570-79179,,not measured,27.3,66,11.88,,BCCH,,
10/25/2022,,BL,Green/aluminum,RFID Red,01103FB5EE,1570-79183,,not measured,28.1,68,12.3,,BCCH,,
11/3/2022,,BL,Green/aluminum,RFID Red,recap,1570-79183,,not measured,28.1,67,11.99,,BCCH,,
11/1/2022,,UM,RFID Blue,Black/aluminum,01103F60D6,1570-79184,,not measured,29.5,69,11.4,,BCCH,,
10/27/2022,,R9,RFID Purple,Black/aluminum,3B0018DF03,1570-79185,,not measured,25.9,64,10.67,,BCCH,,
10/6/2022,,FP,Black/alum,RFID White,01103F51D7,1570-79186,,not measured,26.2,61,9.62,,BCCH,,
11/3/2022,,UM,RFID Purple,Red/aluminum,3B0018777A,1570-79189,,not measured,27.2,66,not measured,,BCCH,,
11/1/2022,,UM,RFID Red,Yellow/aluminum,recap,1570-79190,,not measured,not measured,not measured,not measured,,BCCH,,
11/3/2022,,BL,Green/aluminum,RFID Black,3B0018DFC2,1570-79191,,not measured,26.8,65,11.3,,BCCH,,
10/25/2022,,HP,RFID Blue,Green/alum,011016C455,1570-79192,,not measured,27.5,65,11.73,,BCCH,,
10/25/2022,,HP,RFID Grey,White/alum,01103F84EE,1570-79193,,not measured,26.7,63,11.42,,BCCH,,
10/27/2022,,R9,RFID Grey,White/alum,recap,1570-79193,,not measured,26.4,68,11.69,,BCCH,,
10/25/2022,,HP,Green/aluminum,RFID Purple,01103F44255,1570-79194,,not measured,29.4,65,11.18,,BCCH,,
10/27/2022,,BW,RFID Purple,Green/alum,recap,1570-79194,,not measured,28,66,11.12,,BCCH,,
10/4/2022,,UM,Yellow/aluminum,RFID White,01103FC161,1570-79195,,not measured,26.6,63,10.82,,BCCH,,
10/25/2022,,UM,Yellow/aluminum,RFID White,recap,1570-79195,,not measured,not measured,not measured,not measured,,BCCH,,
10/20/2022,,R9,Black/alum,RFID Grey,011026BC71,1570-79196,,not measured,27.4,65,10.62,,BCCH,,
11/3/2022,,HP,Black/alum,RFID Grey,recap,1570-79196,,not measured,not measured,not measured,not measured,,BCCH,,
11/3/2022,,HP,Black/alum,RFID Grey,recap,1570-79196,,not measured,not measured,not measured,not measured,,BCCH,,
10/15/2022,,UM,Blue/aluminum,RFID Green,3B0019264F,1570-79197,,not measured,not measured,not measured,not measured,,BCCH,,
10/15/2022,,UM,Red/aluminum,RFID Green,3B00184BFD,1570-79198,,not measured,26.7,62,10.25,,BCCH,,
11/3/2022,,UM,red/aluminum,RFID Green,recap,1570-79198,,not measured,26.1,64,10.22,,BCCH,,
10/4/2022,,FP,Yellow/aluminum,RFID Yellow,3B001856F3,1570-79199,,not measured,20.7,67,10.92,,BCCH,,
10/11/2022,,MS,Yellow/aluminum,RFID Yellow,recap,1570-79199,,not measured,not measured,not measured,not measured,,BCCH,,
10/4/2022,,FP,RFID Black,Black/aluminum,3B0018E435,1570-79200,,not measured,25.9,69,11.31,,BCCH,,
10/4/2022,,Pines,Green/aluminum,RFID Blue,recap,1570-79753,,not measured,27,64,10.09,,BCCH,,
10/4/2022,,FP,RFID Black,Purple/alum,recap,1570-79804,,not measured,32.5,62,11.47,,BCCH,,
10/13/2022,,R9,RFID Blue,Red/aluminum,01103F6FA3,2940-51601,,not measured,27.2,66,12.92,,BCCH,,
10/13/2022,,R9,red/aluminum,RFID White,01103F92D5,2940-51603,,not measured,29.2,60,not measured,,BCCH,,
10/27/2022,,R9,Red/aluminum,RFID White,recap,2940-51603,,not measured,26.6,66,10.41,,BCCH,,
10/13/2022,,R9,RFID Black,Blue/alum,011016D9C0,2940-51604,,not measured,28,68,11.98,,BCCH,,
10/13/2022,,R9,RFID Purple(?),Yellow/aluminum,01103F933C,2940-51605,,not measured,26.9,65,10.47,,BCCH,,
10/27/2022,,R9,RFID Purple,Yellow/aluminum,recap,2940-51605,,not measured,26.5,66,not measured,,BCCH,,
10/4/2022,,UM,Yellow/aluminum,RFID Red,01103FD0EF,escaped before banded,,not measured,not measured,not measured,not measured,,BCCH,,
11/1/2022,,UM,Yellow only,RFID Red,recap,no alum,,not measured,not measured,not measured,not measured,,BCCH,,
10/15/2022,,not recorded,Green/aluminum,RFID Blue,recap,1570-79753,,not measured,not measured,not measured,not measured,,BCCH,,
10/25/2022,,not recorded,red/aluminum,RFID Red,recap,not recorded,,not measured,not measured,not measured,not measured,,BCCH,,
10/25/2022,,Pines,red/aluminum,RFID Red,recap,not recorded,,not measured,not measured,not measured,not measured,,BCCH,,
10/27/2022,,BW,RFID Green,Black/aluminum,recap,not recorded,,not measured,not measured,not measured,not measured,,BCCH,,
11/8/2022,,UM,Blue/aluminum,RFID Blue,recap,1570-79169,,not measured,not measured,not measured,not measured,,BCCH,,
11/10/2022,,Pines,red/aluminum,RFID Red,recap,1570-79177,,not measured,not measured,not measured,not measured,,BCCH,,
11/8/2022,,SC,RFID Red,Black/aluminum,01103FB83A,1570-79188,,not measured,26.4,61,9.91,,BCCH,,
11/8/2022,,MS,RFID Black,Yellow/aluminum,011016C212,2940-51608,,not measured,26.2,69,11.58,,BCCH,,
11/10/2022,,Pines,RFID Blue,Black/aluminum,recap,1570-79184,,not measured,not measured,not measured,not measured,,BCCH,,
11/10/2022,,UM,Black/alum,RFID Green,3B0018DF1A,1570-79202,,not measured,25.7,60,10.96,,BCCH,,
11/10/2022,,UM,red/aluminum,RFID Green,recap,1570-79198,,not measured,26.1,65,10.23,,BCCH,,
11/10/2022,,UM,RFID Grey,Blue/alum,01103F414B,1570-79246,,not measured,26.7,65,10.91,,BCCH,,
9/27/2022,,Pines,Red/aluminum,RFID Grey,3B001871E3,2711-04475,,not measured,32.2,86,24.92,,TUTI,,
9/29/2022,,PP,RFID Grey,Yellow/alum,3B001948BB,2711-04477,,not measured,32.7,88,22.96,,TUTI,,
9/29/2022,,SC,RFID Grey,Black/alum,3B00189D58,2711-04479,,not measured,32,83,23.41,,TUTI,,
10/4/2022,,Pines,RFID Grey,Blue/aluminum,3B0018DBDB,2711-04482,,not measured,32.2,81,22.77,,TUTI,,
10/4/2022,,UM,RFID Grey,Green/aluminum,3B0019E7D5,2711-04483,,not measured,31.5,79,not measured,,TUTI,,
10/4/2022,,FP,RFID Green,White/alum,3B001870D3,2711-04481,,not measured,31.6,83,28.29,,TUTI,,
10/4/2022,,Pines,RFID Green,Orange/alum,3B00189A24,2711-04484,,not measured,32.2,84,21.38,,TUTI,,
10/6/2022,,BL,RFID Green,White/alum,recap,2711-04481,,not measured,32.3,84,21.88,,TUTI,,
10/6/2022,,BL,RFID Blue,Red/aluminum,3B0018FB4E,2711-04485,,not measured,32.3,87,20.9,,TUTI,,
10/6/2022,,HP,RFID Green,Green/aluminum,3B001916F5,2711-04487,,not measured,31.3,84,23.65,,TUTI,,
10/6/2022,,HP,RFID Green,Blue/aluminum,3B0018C829,2711-04488,,not measured,33.8,85,22.5,,TUTI,,
10/11/2022,,UM,Red/aluminum,RFID Grey,recap,2711-04475,,not measured,not measured,not measured,not measured,,TUTI,,
10/11/2022,,UM,RFID Blue,Black/alum,3B0018ECB4,2711-04490,,not measured,33.7,79,21.26,,TUTI,,
10/11/2022,,MS,RFID Blue,Yellow/alum,3B0018CB19,2711-04491,,not measured,33.8,80,23.29,,TUTI,,
10/11/2022,,UM,RFID Blue,Green/aluminum,3B0018C689,2711-04492,,not measured,32.3,86,23.57,,TUTI,,
10/13/2022,,not recorded,RFID Green,Red/aluminum,3B001927FF,2711-04499,,not measured,32.9,86,22.9,,TUTI,,
10/13/2022,,HP,RFID Green,Blue/aluminum,recap,2711-04488,,not measured,29.1,87.5,22.27,,TUTI,,
10/15/2022,,not recorded,RFID Grey,Blue/aluminum,recap,2711-04842,,not measured,not measured,not measured,not measured,,TUTI,,
10/15/2022,,not recorded,RFID Blue,Green/aluminum,recap,2711-04492,,not measured,not measured,not measured,not measured,,TUTI,,
10/15/2022,,not recorded,Red/aluminum,RFID Grey,recap,2711-04475,,not measured,not measured,not measured,not measured,,TUTI,,
10/15/2022,,BL,RFID Blue,White/alum,3B00485698,2711-04495,,not measured,30.5,85,23.5,,TUTI,,
10/15/2022,,HP,RFID Blue,Orange/alum,3B00188B8D,2940-51602,,not measured,31.7,81,23.22,,TUTI,,
10/15/2022,,HP,RFID Yellow,Red/aluminum,01103F4359,2940-51607,,not measured,27.9,77,20.57,,TUTI,,
10/15/2022,,UM,RFID White,Red/aluminum,3B0018937F,2940-51699,,not measured,31,86,23.09,,TUTI,,
10/15/2022,,UM,RFID White,Yellow/alum,3B00487C6B,2940-51621,,not measured,30.4,78,20.28,,TUTI,,
10/18/2022,,UM,RFID White,Black/alum,3B0018AF13,2711-04474,,not measured,30,89,23.51,,TUTI,,
10/20/2022,,R9,RFID White,Blue/aluminum,3B00191A1F,2711-04497,,not measured,30.1,85,24,,TUTI,,
10/20/2022,,R9,RFID White,Green/aluminum,3B00186A59,2711-04496,,not measured,32,80,20.95,,TUTI,,
10/20/2022,,BW,RFID Grey,Blue/aluminum,recap,2711-04482,,not measured,33.3,83,22.65,,TUTI,,
10/20/2022,,BW,RFID White,White/alum,3B0018E84C,2711-04901,,not measured,31.4,82,21.89,,TUTI,,
10/25/2022,,Pines,RFID Red,Black/alum,3B00183AAF,2711-05000,,not measured,31.2,79,21.95,,TUTI,,
10/25/2022,,BL,RFID Green,Blue/aluminum,recap,2711-04488,,not measured,not measured,not measured,not measured,,TUTI,,
10/25/2022,,BL,RFID Red,Blue/aluminum,3B00181E62,2711-04903,,not measured,30.2,78,22.8,,TUTI,,
10/25/2022,,HP,RFID Green,Red/aluminum,recap,2711-04499,,not measured,not measured,not measured,not measured,,TUTI,,
10/25/2022,,HP,RFID Red,Red/aluminum,3B00182E11,2711-04902,,not measured,32.1,83,24.14,,TUTI,,
10/25/2022,,UM,RFID Blue,Black/alum,recap,2711-04491,,not measured,not measured,not measured,not measured,,TUTI,,
10/25/2022,,UM,RFID Grey,Black/alum,recap,2711-04479,,not measured,not measured,not measured,not measured,,TUTI,,
10/27/2022,,HP,RFID Grey,Blue/aluminum,recap,2711-04482,,not measured,32.4,84,22.79,,TUTI,,
10/27/2022,,BL,RFID Red,Yellow/aluminum,3B0048A567,2711-04904,,not measured,30.7,76,20.59,,TUTI,,
10/27/2022,,BW,RFID White,Orange/aluminum,3B001896B8,2711-04982,,not measured,33.6,83,23.11,,TUTI,,
10/27/2022,,BW,RFID Red,Green/aluminum,3B00189486,2711-04968,,not measured,32.5,75,21.43,,TUTI,,
10/27/2022,,BW,RFID Red,White/alum,3B001859FB,2711-04758,,not measured,30.3,80,20.52,,TUTI,,
10/27/2022,,not recorded,RFID White,White/alum,recap,2711-04901,,not measured,not measured,not measured,not measured,,TUTI,,
11/1/2022,,Pines,RFID White,Yellow/alum,recap,2940-51621,,not measured,not measured,not measured,not measured,,TUTI,,
11/3/2022,,HP,RFID Red,White/alum,recap,2711-04958,,not measured,30.1,76,20.29,,TUTI,,
11/3/2022,,Pines,RFID Blue,Red/aluminum,recap,2711-04485,,not measured,31.7,90,22.74,,TUTI,,
11/3/2022,,Pines,RFID Black,Red/aluminum,3B00188242,2711-04997,,not measured,33,83,24.45,,TUTI,,
11/3/2022,,HP,RFID Grey,Blue/aluminum,recap,2711-04482,,not measured,32.5,86,22.46,,TUTI,,
11/3/2022,,not recorded,RFID Blue,Green/aluminum,recap,2711-04472,,not measured,not measured,not measured,not measured,,TUTI,,
11/4/2022,,UM,RFID Black,Yellow/alum,3B0018E8D8,2711-04905,,not measured,33.2,85,22.07,,TUTI,,
11/8/2022,,UM,RFID Purple,Red/aluminum,01103FDF4C,2711-04996,,not measured,30.4,80,20.88,,TUTI,,
11/10/2022,,Pines,RFID White,Red/aluminum,recap,2940-51699,,not measured,32.6,88,22.25,,TUTI,,
11/10/2022,,UM,RFID White,Black/alum,recap,2711-04494,,not measured,32.9,85,23.99,,TUTI,,
11/10/2022,,UM,RFID Blue,Black/alum,recap,2711-04490,,not measured,not measured,not measured,not measured,,TUTI,,
9/27/2022,,SC,Red/aluminum,RFID Grey,3B00191EF1,2711-04473,,19.8,40.5,93,19.88,,WBNU,,
9/27/2022,,MS,Yellow/aluminum,RFID Grey,3B00188CD1,2711-04474,,not measured,40.3,90,20.37,,WBNU,,
9/27/2022,,MS,Black/aluminum,RFID Grey,3B00183C10,2711-04476,,not measured,39,90,20.36,,WBNU,,
9/29/2022,,UM,Blue/alum,RFID Grey,3B004D8864,2711-04478,,not measured,40,98,20.43,,WBNU,,
9/29/2022,,MS,Green/alum,RFID Green,3B00485E77,2711-04480,,not measured,40.4,91,20.96,,WBNU,,
10/6/2022,,BL,White/aluminum,RFID Green,3B00190C46,2711-04486,,not measured,41.2,92,23.28,,WBNU,,
10/11/2022,,MS,Red/aluminum,RFID Blue,3B00188508,2711-04489,,not measured,39,90,20.99,,WBNU,,
10/13/2022,,HP,Red/aluminum,RFID Green,3B001A7A09,2711-04500,,not measured,not measured,not measured,not measured,,WBNU,,
10/13/2022,,HP,Green/alum,RFID Grey,3B0049378B,2711-04478,,not measured,38.4,90,not measured,,WBNU,,
10/13/2022,,BL,Yellow/aluminum,RFID Green,3B00193051,2711-04493,,not measured,38.4,91,23.3,,WBNU,,
10/13/2022,,BL,Blue/alum,RFID Green,3B0049398C,2940-1606,,not measured,49.9,87,21.55,,WBNU,,
10/13/2022,,Pines,Yellow/aluminum,RFID Blue,3B0018641F,2940-51609,,not measured,40.6,94,not measured,,WBNU,,
10/15/2022,,not recorded,White/aluminum,RFID Green,recap,2711-04486,,not measured,not measured,not measured,not measured,,WBNU,,
10/18/2022,,HP,Blue/alum,RFID Blue,3B001893C8,2940-51611,,not measured,38.8,94,21.99,,WBNU,,
10/25/2022,,Pines,Black/aluminum,RFID Grey,recap,2711-04476,,not measured,44.3,89,21.19,,WBNU,,
10/25/2022,,UM,Red/aluminum,RFID Grey,recap,2711-04473,,not measured,not measured,not measured,not measured,,WBNU,,
10/27/2022,,BL,Yellow/aluminum,RFID Green,recap,2711-04493,,not measured,38.5,91,23.6,,WBNU,,
10/27/2022,,BL,White/aluminum,RFID Green,recap,2711-04486,,not measured,41.1,93,20.14,,WBNU,,
11/1/2022,,not recorded,Black/aluminum,RFID Blue,3B001925C5,2711-04999,,not measured,40.7,91,21.48,,WBNU,,
11/3/2022,,UM,Yellow/aluminum,RFID Black,3B0018CE4E,2711-04998,,not measured,37.9,87,21.23,,WBNU,,
11/3/2022,,Pines,Red/aluminum,RFID Blue,recap,2711-04489,,not measured,40.1,90,20.96,,WBNU,,
11/3/2022,,Pines,Yellow/aluminum,RFID Blue,recap,2940-51609,,not measured,40.3,93,21.96,,WBNU,,
11/8/2022,,MS,Green/alum,RFID Green,recap,2711-04480,,not measured,not measured,not measured,not measured,,WBNU,,
11/8/2022,,UM,Yellow/aluminum,RFID Black,recap,2711-04998,,not measured,not measured,not measured,not measured,,WBNU,,
11/10/2022,,UM,Blue/alum,RFID Grey,recap,2711-04478,,not measured,not measured,not measured,not measured,,WBNU,,
11/8/2022,,SC,Red/aluminum,RFID White,3B001863A1,2711-04906,,not measured,39.9,95,21.4,,WBNU,,
11/8/2022,,MS,Yellow/aluminum,RFID White,3B0018C0C1,2711-04907,,not measured,39.95,93,21.45,,WBNU,,
9/29/2021,,PP,grey/alum,RFID grey,recap,1570-79020,,17.1,28.2,68,11.08,,BCCH,,
9/29/2021,,SC,blue/RFID,grey/alum,recap,1570-79077,,17.7,27.8,65,,,BCCH,,
10/3/2021,,PP,RFID red ,red/alum,recap,1570-79069,,17.2,27.4,62,11.1?,,BCCH,,
10/3/2021,,PP,black/alum,RFID blue,01103F6724,1570-79149,,17.9,28.2,67,,,BCCH,,
10/7/2021,10:00 AM,PS,grey/alum,RFID grey ,011016AD24,150-79154,,16.5,27.8,68,,,BCCH,,
10/7/2021,10:00 AM,PS,orange/alum,RFD yellow,01103FA4F7,150-79155,,16.9,27.2,66,,,BCCH,,
10/7/2021,9:45 AM,PS,RFID yellow,orange/alum,recap,1570-79115,,17.1,27.2,65,,,BCCH,,
10/7/2021,10:00 AM,PS,RFID white,green/alum,01103FC15F,1570-79146,,16.7,27.3,67,,,BCCH,,
10/7/2021,9:30 AM,HP,black/alum,RFID black ,01103F4D6F,1570-79150,,17.1,27.8,65,,,BCCH,,
10/7/2021,10:00 AM,PS,blue/alum,RFID white,01103FBCA7,1570-79151,,16.3,26.9,66,,,BCCH,,
10/7/2021,10:00 AM,PS,green/alum,RFID yellow,01103FA57F,1570-79152,,16.2,27.4,64,,,BCCH,,
10/7/2021,10:00 AM,PS,green/alum,RFID blue,011016C89D,1570-79153,,16.9,27.2,64,,,BCCH,,
10/10/2021,,SC,purple/alum,RFID grey,recap,150-79080,,17.4,27.5,65,,,BCCH,,
10/10/2021,,SC,grey/alum,RFID yellow,recap,150-79081,,16,26.6,64,,,BCCH,,
10/12/2021,,PS,RFID green,yellow alum,01103FB3D8,150-79156,,16.1,27.1,67,12.29,,BCCH,,
10/12/2021,,BL?,white/alum,RFID red,01103F8F3E,1570-79142,,15.7,27.7,63,10.88,,BCCH,,
10/21/2021,,HP,RFID green ,blue/alum,01103F91AA,1570-79157,,17.3,27.1,65,11.39,,BCCH,,
10/23/2021,8:30 AM,SC,RFID purple,orange/alum,01103FE2AB,1570-79158,,16.7,27.4,60,,,BCCH,,
10/28/2021,8:45 AM,R9,RFID white,yellow/alum,01103F50F9,1570-79159,,16.1,26.2,68,11.1,,BCCH,,
10/31/2021,8:30 AM,S?,black/alum,RFID red,,1570-79013,,16.8,26.9,69,,,BCCH,,
10/31/2021,,,grey/alum,RFID grey,,1570-79020,,,26.9,69,,,BCCH,,
10/31/2021,8:50 AM,SC,RFID white,red/alum,01103FB533,1570-79160,,17,27.2,65,,,BCCH,,
10/31/2021,8:30 AM,SC,RFID blue,silver/alum,,,,16,27.9,68,,,BCCH,,
11/2/2021,,PP,RFID yellow,blue/alum,01103FA64E,1570-79161,,15.8,27,63,10.67,,BCCH,,
11/6/2021,,R9,RFID yellow,black/alum,01103FCF81,1570-79162,,15.4,26.2,62,,,BCCH,,
11/6/2021,,BW,yellow/alum,RFID greem,01103F92B4,1570-79163,,16.6,27.8,67,11.97,,BCCH,,
11/6/2021,,BW,white/alum,RFID white,01103FDF2C,1570-79164,,15.8,27.5,68,12.37,,BCCH,,
11/9/2021,,R9,grey/alum,RFID white,recap ,1570-79087,,16.6,27.2,66,10.59,,BCCH,,
11/9/2021,,BW,RFID green ,alum/green ,recap ,1570-79088,,16,27.3,65,11.49,,BCCH,,
11/9/2021,,BW,green/alum,RFID white,recap ,1570-79088,,16.5,27.4,68,11.09,,BCCH,,
11/9/2021,,PS,green/alum,RFID blue,recap ,1570-79153,,15.7,26.6,65,10.48,,BCCH,,
11/9/2021,,R9,RFID white,yellow/alum,recap ,1570-79159,,16.5,26.7,69,11.25,,BCCH,,
11/9/2021,,R9,black/alum,RFID yellow,recap ,1570-79162,,15.5,26.8,63,10.43,,BCCH,,
11/16/2021,,SC,RFID white,blue/alum,01103FA927,165,,16.5,28.3,63,,,BCCH,,
11/16/2021,,SC,RFID blue,white/alum,011016CA31,166,,15.7,25.5,,,,BCCH,,
11/16/2021,,SC,,,recap ,160-86.013,,,,,,,BCCH,,
11/18/2021,,SC,RFID red,red/alum,,1570-79069,,16.8,27.5,63,11.32,,BCCH,,
11/18/2021,,SC,yellow,blue/alum,,1570-79767,,14.98,25.7,64,10.8,,BCCH,,
11/21/2021,,BW,RFID black ,yellow/alum,011016DCBF,1570-79167,,14.1,26.3,66,10.36,,BCCH,,
12/5/2021,,BW,RFID blue ,black,01103F645E,1570-79168,,17.4,26.2,66,11.48,,BCCH,,
1/7/2020,,BT,Green/Alum,RFID Green,01103F5491,1570-79047,,17.2,27.1,67,11.5,,BCCH,,
1/15/2020,,SC,Red/Alum,RFID Purple,01103F8D5D,1570-79048,,17.1,26.1,66,10.5,,BCCH,,
1/22/2020,,TH,white/alum,RFID Purple,011016D91A,1570-79049,,15.9,26.4,67,11.4,,BCCH,,
9/9/2020,10:00,SC,black/alum,RFID white,recap,1570-79011,,16.2,27.2,67,,,BCCH,,
9/9/2020,9:00,SC,red/alum,RFID green,recap,1570-79016,,17.3,26.7,65,12.23,,BCCH,,
9/9/2020,10:00,SC,RFID red,lightgreen/alum,011016B7B7,1570-79050,,17.2,27.4,68,9.92,,BCCH,,
9/12/2020,,SC,red/alum,RFID green,recap,1570-79016,,,,,11.39,,BCCH,,
9/12/2020,9:00,TH,green/alum,RFID grey,0110172F1B,1570-79051,,17.5,26.3,60,12.05,,BCCH,,
9/12/2020,9:00,TH,RFID white,white/alum,011016FAB2,1570-79052,,16,26.8,64,10.55,,BCCH,,
9/12/2020,10:00,TH,blue/alum,RFID grey,01101740CA,1570-79053,,16.7,26.3,66,9.45,,BCCH,,
9/12/2020,10:00,TH,white/alum,RFID grey,0110172CF4,1570-79054,,16.1,27.3,68,11.71,,BCCH,,
9/15/2020,10:12,BT ,blue/alum,RFID yellow,recap,1570-79032,,16.5,26.5,62,12.42,,BCCH,,
9/19/2020,9:15,BW,yellow/alum,RFID Black,011016C46A,1570-79055,,16.1,25.7,64,12.02,,BCCH,,
9/19/2020,9:15,BW,RFID green,black/alum,01103F62FE,1570-79056,,15.8,26.9,63,11.37,,BCCH,,
9/19/2020,9:15,BW,black/alum,RFID yellow,01103F839B,1570-79057,,17.9,27.8,69,10.24,,BCCH,,
9/19/2020,9:30,BW,RFID black,red/alum,01103F5AA4,1570-79058,,17.1,27.8,68,9.95,,BCCH,,
9/19/2020,9:30,BW,RFID yellow,yellow/alum,011016BBED,1570-79059,,17,27,67,flew away,,BCCH,,
9/19/2020,9:30,BW,RFID grey,green/alum,01101737FF,1570-79060,,16.7,27,67,10.56,,BCCH,,
9/19/2020,9:30,BW,yellow/alum,RFID grey,01101720D7,1570-79061,,15.7,27.1,64,11,,BCCH,,
9/19/2020,9:30,BW,RFID yellow,purple/alum,011016DCC0,1570-79062,,16.6,27.3,65,11.12,,BCCH,,
9/19/2020,9:30,BW,RFID red,grey/alum,011016B71B,1570-79063,,15.7,27.5,63,11.6,,BCCH,,
9/19/2020,9:30,BW,RFID purple,white/alum,01103F7357,1570-79064,,16,26.5,63,12.03,,BCCH,,
9/19/2020,9:45,BW,RFID red,yellow/alum,011016F21E,1570-79065,,17,27.8,68,flew away,,BCCH,,
9/19/2020,10:45,HP,RFID yellow,green/alum,01103F797D,1570-79066,,16.6,28.3,68,10.93,,BCCH,,
9/21/2020,10:00,PP,RFID blue,blue/alum,01103F8C62,1570-79067,,17,26.6,65,10.8,,BCCH,,
9/21/2020,10:00,PP,Red/Alum,RFID yellow,011016CD06,1570-79068,,16.3,27.2,65,10.08,,BCCH,,
9/21/2020,10:40,PP,RFID red,red/alum,011016CFD5,1570-79069,,16,26.2,62,11.57,,BCCH,,
9/21/2020,10:40,PP,grey/alum,RFID black,011016DEC9,1570-79070,,17,26.2,62,,,BCCH,,
9/21/2020,10:40,PP,RFID purple,grey/alum,011016D56E,1570-79071,,16.3,26.1,63,10.75,,BCCH,,
9/22/2020,9:00,TH,RFID purple,black/alum,recap,1570-79038,,17,27.2,66,,,BCCH,,
9/22/2020,10:00,TH,RFID grey,blue/alum,recap,1570-79053,,,,,,,BCCH,,
9/22/2020,10:15,TH,RFID red,blue/alum,011016CD0A,1570-79072,,16.9,26.9,65,,,BCCH,,
9/23/2020,9:40,SC,RFID red,lightgreen/alum,recap,1570-79050,,,,,flew away,,BCCH,,
9/23/2020,8:30,PP,RFID red,red/alum,recap,1570-79069,,,,,11.94,,BCCH,,
9/23/2020,10:00,PP,grey/alum,RFID black,recap,1570-79070,,,,,11.23,,BCCH,,
9/23/2020,9:20,PP,yellow/alum,RFID blue,011016D389,1570-79073,,15.3,25.7,62,11.3,,BCCH,,
9/23/2020,10:00,PP,RFID Yellow,lightgreen/alum,011016C4F2,1570-79074,,14.5,26.7,68,11.4,,BCCH,,
9/23/2020,10:30,HP,RFID blue,grey/alum,01103F48F6,1570-79075,,17.4,27.9,69,12.35,,BCCH,,
9/23/2020,11:30,PP,RFID white,lightgreen/alum,0110174D10,1570-79076,,15.6,25.6,68,11.18,,BCCH,,
9/25/2020,10:30,PP,RFID grey,grey/alum,recap,1570-79020,,16.7,26.1,70,,,BCCH,,
9/25/2020,11:00,PP,RFID blue,grey/alum,01103F8569,1570-79077,,16.1,27.6,66,11.4,,BCCH,,
9/25/2020,11:00,PP,RFID green,grey/alum,011016B7D1,1570-79078,,16,26.4,65,11.65,,BCCH,,
9/26/2020,11:30,BW,RFID purple,white/alum,recap,1570-79064,,,,,10.89,,BCCH,,
9/26/2020,9:15,BW/HP/SC,RFID white,purple/alum,011016FAB1,1570-79079,,16.2,27.1,65,10.45,,BCCH,,
9/26/2020,,BW/HP/SC,purple/alum,RFID grey,0110172081,1570-79080,,17.5,27.2,65,10.75,,BCCH,,
9/26/2020,,SC,grey/alum,RFID yellow,01103F5C16,1570-79081,,17.3,26.8,64,10.82,,BCCH,,
9/26/2020,,HP,grey/alum,RFID purple,011016D14A,1570-79082,,15.8,27.1,65,9.55,,BCCH,,
9/26/2020,,SC,purple/alum,RFID yellow,011016DD76,1570-79083,,15.5,27,64,10.44,,BCCH,,
9/26/2020,,HP,RFID black,purple/alum,011016C44D,1570-79084,,17.3,27.3,64,10.32,,BCCH,,
9/26/2020,11:30,HP,blue/alum,RFID purple,011016C519,1570-79085,,15.9,26.8,62,11.61,,BCCH,,
9/29/2020,9:15,PP,white/alum,RFID green,01103F4637,1570-79086,,16,26,63,12.07,,BCCH,,
10/1/2020,10:19,BW,grey/alum,RFID white,011016FAB3,1570-79087,,15.9,26.5,64,10.91,,BCCH,,
10/1/2020,10:32,HP,RFID green,green/alum,01103F3A15,1570-79088,,16.7,26,63,,,BCCH,,
10/1/2020,10:30,BW,RFID white,blue/alum,011016FDFE,1570-79089,,17.1,27.7,68,10.89,,BCCH,,
10/1/2020,11:00,BW,green/alum,RFID white,0110171B69,1570-79090,,16.1,26.8,67,,,BCCH,,
10/2/2020,4:30,MB,red/alum,RFID white,recap,1570-79010,,16.8,28.2,69,,,BCCH,,
10/3/2020,11:00,MS,green/alum,RFID green,recap,1570-79047,,16.7,27.4,65,,,BCCH,,
10/3/2020,10:45,,grey/alum,RFID red,recap,1570-79063,,,,,,,BCCH,,
10/3/2020,9:30,BL,purple/alum,RFID grey,recap,1570-79080,,,,,11.92,,BCCH,,
10/3/2020,10:00,,grey/alum,RFID yellow,recap,1570-79081,,,,,10.07,,BCCH,,
10/3/2020,,,RFID white,blue/alum,recap,1570-79089,,,,,11.67,,BCCH,,
10/3/2020,9:30,,purple/alum,RFID purple,01103F8FC6,1570-79091,,17.4,28,67,10.88,,BCCH,,
10/3/2020,9:30,,white/alum,RFID black,011016F189,1570-79092,,16.6,25.7,65,10.27,,BCCH,,
10/3/2020,11:00,MS,grey/alum,RFID green,01103F8391,1570-79093,,16.5,26.8,66,10.93,,BCCH,,
10/3/2020,11:20,BL,RFID black,green/alum,011016E37F,1570-79094,,15.8,26.6,65,,,BCCH,,
10/6/2020,8:30,BT,RFID blue,green/alum,recap,1570-79028,,15.9,27.1,68,11.66,,BCCH,,
10/6/2020,8:30,MB,RFID red,black/alum,recap,1570-79036,,16.5,27.4,,11.18,,BCCH,,
10/6/2020,8:30,MB,RFID red,blue/alum,recap,1570-79072,,,,,11.53,,BCCH,,
10/6/2020,8:30,BT,RFID purple,blue/alum,011016CF12,1570-79095,,17,27,67,10.96,,BCCH,,
10/6/2020,8:30,"says BL but BL wasnt open that day, either has to be BT or MB, i think its MB",red/alum,RFID blue,01103F8C19,1570-79096,,15.9,25.5,63,11.26,,BCCH,,
10/6/2020,8:30,MB,RFID yellow,red/alum,01103F807A,1570-79097,,17,26.5,61,11.98,,BCCH,,
10/6/2020,8:30,MB,RFID red,white/alum,011016E433,1570-79098,,16.6,27,67,11.9,,BCCH,,
10/6/2020,8:30,MB,grey/alum,RFID blue,01103F8EBF,1570-79099,,17.4,27.5,67,10.71,,BCCH,,
10/6/2020,8:30,MB,RFID white,grey/alum,011016FD15,1570-79100,,15.6,27.6,65,9.25,,BCCH,,
10/6/2020,8:30,MB,grey/alum,RFID red,011016CE6A,1570-79101,,17.1,27.2,67,11.05,,BCCH,,
10/6/2020,9:00,TH,RFID black,grey/alum,011016E3B4,1570-79102,,16.3,26,64,11.18,,BCCH,,
10/6/2020,9:00,TH,RFID grey,orange/alum,01101704FS,1570-79103,,16.8,26.2,64,10.54,,BCCH,,
10/6/2020,9:00,TH,RFID red,orange/alum,01103F7B7E,1570-79104,,16.2,27.1,65,9.6,,BCCH,,
10/6/2020,9:00,TH,RFID green,orange/alum,011016C501,1570-79105,,15.2,26,64,9.46,,BCCH,,
10/6/2020,9:00,TH,RFID blue,orange/alum,011016E3A7,1570-79106,,15.9,26,63,11.31,,BCCH,,
10/6/2020,9:00,TH,RFID black,orange/alum,011016BCA0,1570-79107,,15.9,26,62,10.88,,BCCH,,
10/6/2020,,TH,RFID red,lightblue/alum,011016C173,1570-79108,,15.6,26.3,62,,,BCCH,,
10/6/2020,,TH,RFID grey,lightblue/alum,011016C173,1570-79109,,16.2,27.1,68,,,BCCH,,
10/6/2020,,TH,RFID green,lightgreen/alum,01103F933D,1570-79110,,15.7,27.7,66,,,BCCH,,
10/6/2020,,TH,RFID black,lightgreen/alum,01103F7474,1570-79111,,bird was not looking great so measurements were skipped,,,11.86,,BCCH,,
10/7/2020,10:00,HP,RFID blue,grey/alum,recap,1570-79075,,,,,10.81,,BCCH,,
10/7/2020,11:00,BW,grey/alum,RFID white,recap,1570-79087,,,,,,,BCCH,,
10/7/2020,10:00,BL,RFID black,lightblue/alum,01103F3DAA,1570-79112,,16.7,26.7,70,10.59,,BCCH,,
10/7/2020,11:30,BL,RFID black,white/alum,011016DD4F,1570-79113,,15.5,27.1,66,,,BCCH,,
10/7/2020,11:30,BL,RFID purple,lightgreen/alum,01103FDDA8,1570-79114,,16.1,26.6,flew away,,,BCCH,,
10/10/2020,9:50,TH,white/alum,RFID blue,recap,1570-79039,,15,27.1,61,,,BCCH,,
10/10/2020,,TH,RFID white,orange/alum,recap,1570-79052,,previous band was on wrong leg so given new orange color band,,,,,BCCH,,
10/10/2020,10:50,TH,blue/alum,RFID grey,recap,1570-79053,,,,,11.12,,BCCH,,
10/10/2020,9:50,MB,RFID red,blue/alum,recap,1570-79072,,,,,11.12,,BCCH,,
10/10/2020,,MB,RFID yellow,red/alum,recap,1570-79097,,see inital capture,,,,,BCCH,,
10/11/2020,8:30,SC,RFID yellow,orange/alum,01103FBDCE,1570-79115,,16.9,28,61,,,BCCH,,
10/11/2020,8:30,SC,RFID yellow,orange/alum,01103FBDCE,1570-79115,,16.9,28,61,,,BCCH,,
10/14/2020,10:15,BW,yellow/alum,RFID black,recap,1570-79055,,,,,,,BCCH,,
10/14/2020,10:00,BW,black/alum,RFID yellow,recap,1570-79057,,,,,,,BCCH,,
10/14/2020,8:45,BW,RFID black,red/alum,recap,1570-79058,,,,,,,BCCH,,
10/14/2020,9:50,BW,RFID yellow,yellow/alum,recap,1570-79059,,,,,12.28,,BCCH,,
10/14/2020,9:50,BW,RFID red,grey/alum,recap,1570-79063,,,,,,,BCCH,,
10/14/2020,9:08,BW,RFID blue,lightgreen/alum,recap,1570-79075,,,,,,,BCCH,,
10/14/2020,10:15,BW,RFID white,lightblue/alum,01103F77AC,1570-79116,,16.3,27,65,,,BCCH,,
10/15/2020,9:30,SC,black/alum,RFID white,recap,1570-79011,,,,,,,BCCH,,
10/15/2020,12:15,SC,RFID blue,grey/alum,recap,1570-79077,,,,,,,BCCH,,
10/20/2020,10:20,HP,RFID red,grey/alum,recap,1570-79063,,,,,12,,BCCH,,
10/20/2020,11:20,HP,RFID red,yellow/alum,recap,1570-79065,,,,,10.54,,BCCH,,
10/20/2020,8:45,HP,lightgreen/alum,RFID blue,recap,1570-79075,,,,,,,BCCH,,
10/20/2020,10:30,BL,RFID yellow,lightblue/alum,01103F56AF,1570-79117,,16,27.9,69,10.64,,BCCH,,
10/20/2020,10:50,HP,RFID green,lightblue/alum,01103FAD55,1570-79118,,16,26.5,66,10.8,,BCCH,,
10/21/2020,11:31,MS,RFID yellow,grey/alum,recap,1570-79081,,,,,,,BCCH,,
10/21/2020,9:45,MS,RFID purple,lightblue/alum,01103F92D4,1570-79119,,16.3,26.5,64,,,BCCH,,
10/21/2020,10:00,MS,RFID grey,lightblue/alum,011016D07B,1570-79120,,16.5,27.1,66,11.95,,BCCH,,
10/24/2020,10:15,MS,RFID red,lightgreen/alum,recap,1570-79050,,,,,10.33,,BCCH,,
10/24/2020,9:30,MS,RFID yellow,orange/alum,recap,1570-79115,,,,,10.28,,BCCH,,
10/24/2020,9:30,MS,orange/alum,RFID white,01103F594A,1570-79121,,16.6,27.3,67,,,BCCH,,
10/24/2020,9:30,MS,orange/alum,RFID black,011016B675,1570-79122,,16,26.6,63,,,BCCH,,
10/24/2020,9:30,MS,orange/alum,RFID purple,01103FB345,1570-79123,,15.5,26.1,69,,,BCCH,,
10/27/2020,10:30,TH,black/alum,RFID purple,recap,1570-79038,,,,,,,BCCH,,
10/27/2020,9:15,MB,RFID blue,yellow/alum,recap,1570-79044,,16.9,28,68,,,BCCH,,
10/27/2020,8:40,TH,green/alum,RFID grey,recap,1570-79051,,,,,,,BCCH,,
10/27/2020,8:30,TH,blue/alum,RFID grey,recap,1570-79053,,,,,,,BCCH,,
10/27/2020,8:15,TH,blue/alum,RFID red,recap,1570-79072,,,,,12.88,,BCCH,,
10/27/2020,9:00,MB,orange/alum,RFID red,01103F8918,1570-79124,,17.2,26.9,68,,,BCCH,,
10/28/2020,,PP,RFID green,purple/alum,recap,1570-79017,,,,67,,,BCCH,,
10/28/2020,2:45,PP,RFID black,blue/alum,recap,1570-79018,,16.9,27.3,67,,,BCCH,,
10/28/2020,3:20,PP,RFID grey,grey/alum,recap,1570-79020,,,,,10.87,,BCCH,,
10/28/2020,,PP,RFID red,red/alum,recap,1570-79069,,,,,,,BCCH,,
10/28/2020,,PP,RFID yellow,orange/alum,recap,1570-79115,,,,,,,BCCH,,
10/28/2020,4:00,PP,orange/alum,RFID blue,01103F8B05,1570-79125,,16.8,26.7,62,,,BCCH,,
11/1/2020,9:30,SC,black/alum,RFID white,recap,1570-79011,,,,,,,BCCH,,
11/1/2020,9:30,SC,RFID red,lightgreen/alum,recap,1570-79050,,,,,,,BCCH,,
11/1/2020,10:13,SC,RFID blue,grey/alum,recap,1570-79077,,,,,,,BCCH,,
11/1/2020,10:45,SC,purple/alum,RFID grey,recap,1570-79080,,,,,,,BCCH,,
11/1/2020,10:40,SC,RFID yellow,orange/alum,recap,1570-79115,,,,,,,BCCH,,
11/1/2020,11:15,MS,RFID grey,lightblue/alum,recap,1570-79120,,,,,10.65,,BCCH,,
11/1/2020,11:15,MS,orange/alum,RFID white,recap,1570-79121,,,,,10.95,,BCCH,,
11/1/2020,11:15,MS,orange/alum,RFID black,recap,1570-79122,,,,,,,BCCH,,
11/1/2020,9:30,SC,orange/alum,RFID green,01103FBBB2,1570-79126,,16.2,26.7,65,,,BCCH,,
11/1/2020,11:00,SC,orange/alum,RFID grey,01103F8F1E,1570-79127,,17.3,27.4,65,,,BCCH,,
11/4/2020,11:18,MB,grey/alum,RFID red,recap,1570-79101,,,,,11.1,,BCCH,,
11/6/2020,11:30,BT,black/alum,RFID red,recap,1570-79013,,16.4,26.5,68,,,BCCH,,
11/6/2020,11:30,BT,blue/alum,RFID yellow,recap,1570-79032,,,,,11.55,,BCCH,,
11/6/2020,8:30,BT,white/alum,RFID grey,recap,1570-79033,,16.8,27.6,67,11.42,,BCCH,,
11/6/2020,10:30,BT,purple/alum,RFID grey,recap,1570-79080,,,,,10.49,,BCCH,,
11/6/2020,8:30,BT,lightgreen/alum,RFID white,01103F54A0,1570-79128,,16.7,27,65,,,BCCH,,
11/7/2020,10:06,BT,green/alum,RFID black,recap,1570-79027,,16.1,28.3,63,,,BCCH,,
11/7/2020,9:30,BT,RFID blue,green/alum,recap,1570-79028,,16.4,26.5,68,,,BCCH,,
11/7/2020,9:36,MB,RFID blue,yellow/alum,recap,1570-79044,,,,,,,BCCH,,
11/7/2020,8:45,BT,RFID blue ,grey/alum,recap,1570-79077,,,,,,,BCCH,,
11/7/2020,8:30,BT,purple/alum,RFID grey ,recap,1570-79080,,,,,10.06,,BCCH,,
11/7/2020,10:23,BT,RFID purple,blue/alum,recap,1570-79095,,,,,,,BCCH,,
11/7/2020,8:30,MB,lightblue/alum,RFID blue,01103F8613,1570-79129,,16.9,26.8,65,,,BCCH,,
11/7/2020,9:36,MB,lightgreen/alum,RFID black,01103F65C4,1570-79130,,15.3,26.6,65,,,BCCH,,
11/10/2020,10:45,TH,RFID blue,yellow/alum,recap,1570-79044,,,,,9.73,,BCCH,,
11/10/2020,,TH,green/alum,RFID grey ,recap,1570-79051,,,,,,,BCCH,,
11/10/2020,,MB,grey/alum,RFID red,recap,1570-79101,,,,,,,BCCH,,
11/10/2020,10:45,MB,lightgreen/alum,RFID purple,01103FA3C3,1570-79131,,15.7,25.9,60,,,BCCH,,
11/14/2020,8:15,TH,black/alum,RFID purple ,recap,1570-79038,,,,,,,BCCH,,
2/3/2019,,SC,RFID Grey,Yellow/Alum,0110170484,1570-79001,,16.1,28,67,12.49,,BCCH,,
2/6/2019,,SC,RFID Green,Red/Alum,011016E2E9,1570-79003,,15.2,26.9,65,10.36,,BCCH,,
2/6/2019,,SC,Purple/Alum,RFID Blue,011016CDB2,1570-79006,,17.2,26.6,65,10.78,,BCCH,,
2/6/2019,,SC,RFID Red,Green/Alum,01103F85DC,1570-79002,,17.4,27.4,66,12.61,,BCCH,,
2/6/2019,,SC,RFID Black,Black/Alum,011016B89A,1570-79004,,16.1,17,67,11.46,,BCCH,,
2/6/2019,,SC,Yellow/Alum,RFID Yellow,011016C0CF,1570-79005,,16.1,26.1,67,10.78,,BCCH,,
2/6/2019,,SC,Yellow/Alum,RFID White,011016FB36,1570-79008,,16.3,26.5,67,11.88,,BCCH,,
2/6/2019,,SC,Yellow/Alum,RFID Red,011016FB36,1570-79007,,17.6,26.6,68,11.5,,BCCH,,
9/20/2019,,SC,Red/Alum,RFID Grey,01101727F7,1570-79009,,17,27.1,70,11.31,,BCCH,,
9/26/2019,,SC,RFID Purple,Purple/Alum,011016EB42,1570-79014,,16.2,26.6,66,10.49,,BCCH,,
9/26/2019,,SC,Black/Alum,RFID White,0110174F60,1570-79011,,18.5,27.6,67,11.47,,BCCH,,
9/26/2019,,SC,RFID Purple,Green/Alum,01103F3943,1570-79012,,16.2,26.9,68,10.52,,BCCH,,
9/26/2019,,SC,Black/Alum,RFID Red,01103F6E0B,1570-79013,,18.8,27.4,70,11.81,,BCCH,,
9/26/2019,,SC,RFID Blue,Red/Alum,011016C7E9,1570-79015,,19,28.4,70,12.13,,BCCH,,
9/26/2019,,SC,Red/Alum,RFID White,0110174C58,1570-79010,,17.6,27.9,71,12.17,,BCCH,,
10/9/2019,,SC,Red/Alum,RFID Green,011016D42B,1570-79016,,18.4,26.8,65,11.2,,BCCH,,
10/9/2019,,SC,Blue/Alum,RFID Black,011016D934,1570-79019,,17.6,26.9,66,11.4,,BCCH,,
10/9/2019,,SC,RFID Green,Purple/Alum,01103F65A9,1570-79017,,17.6,26.9,69,11.1,,BCCH,,
10/9/2019,,SC,RFID Black,Blue/Alum,011016B849,1570-79018,,17,27.4,71,12.3,,BCCH,,
10/9/2019,,SC,Black/Alum,RFID Grey,0110174BD5,1570-79020,,17.8,26.9,71,11.7,,BCCH,,
10/9/2019,,SC,Blue/Alum,RFID Green,01103F3A74,1570-79021,,18.2,27.4,72,11.6,,BCCH,,
10/16/2019,,SC,RFID Purple,Yellow/Alum,01103F6689,1570-79022,,17,26.1,67,10.4,,BCCH,,
10/24/2019,,SC,Green/Alum,RFID Red,01103F6953,1570-79024,,16.9,25.4,63,10.2,,BCCH,,
10/24/2019,,SC,Yellow/Alum,RFID Purple,011016BF45,1570-79031,,18.2,27.2,65,10.9,,BCCH,,
10/24/2019,,SC,Blue/Alum,RFID Yellow,01103F4E6C,1570-79032,,16.9,26.5,65,10.2,,BCCH,,
10/24/2019,,BT,Green/Alum,RFID Black,0110173752,1570-79027,,18.4,26.9,66,11.4,,BCCH,,
10/24/2019,,BT,RFID Grey,White/Alum,0110174BD6,1570-79033,,16.9,26.9,67,11,,BCCH,,
10/24/2019,,SC,RFID White,White/Alum,0110174E88,1570-79025,,16.8,27.9,68,11.4,,BCCH,,
10/24/2019,,BT,RFID Grey,Red/Alum,01101734C4,1570-79030,,16.8,25.5,68,11.1,,BCCH,,
10/24/2019,,SC,RFID Grey,Blue/Alum,0110171943,1570-79023,,16.2,27.5,69,11.5,,BCCH,,
10/24/2019,,SC,Black/Alum,RFID Green,01103F78BD,1570-79026,,18.1,26.8,69,11.7,,BCCH,,
10/24/2019,,BT,RFID Blue,Green/Alum,011016E24E,1570-79028,,17.7,26.4,69,10.6,,BCCH,,
10/24/2019,,BT,RFID Grey,Black/Alum,0110170642,1570-79029,,18.4,26.7,71,11.3,,BCCH,,
11/6/2019,,SC,Red/Alum,RFID Red,01103F64FE,1570-79034,,19.8,26.1,67,10.1,,BCCH,,
11/7/2019,,TH,White/Alum,RFID Blue,01103F8398,1570-79039,,16.4,26.9,62,10.3,,BCCH,,
11/7/2019,,TH,RFID Black,Yellow/Alum,011016D57F,1570-79035,,17.2,26.3,64,10.1,,BCCH,,
11/7/2019,,TH,RFID Blue,Black/Alum,011016D6E7,1570-79037,,17.9,26.6,66,11.5,,BCCH,,
11/7/2019,,TH,Green/Alum,RFID Purple,011016D9CE,1570-79040,,17.1,25.9,66,10.7,,BCCH,,
11/7/2019,,TH,RFID Red,Black/Alum,011016CF32,1570-79036,,16.3,27,67,10.8,,BCCH,,
11/7/2019,,TH,White/Alum,RFID Yellow,011016CA3F,1570-79041,,16.8,27.3,68,10.8,,BCCH,,
11/7/2019,,TH,RFID Purple,Black/Alum,01103F8806,1570-79038,,17.9,26.8,69,11.4,,BCCH,,
11/21/2019,,TH,RFID White,Black/Alum,01101750D1,1570-79043,,17.6,26,63,10.9,,BCCH,,
11/21/2019,,TH,Red/Alum,RFID Black,011016C016,1570-79045,,15.9,26,64,10.4,,BCCH,,
11/21/2019,,TH,RFID Yellow,Black/Alum,011016A3AD,1570-79042,,17.1,26.9,66,11.3,,BCCH,,
11/21/2019,,TH,RFID Blue,Yellow/Alum,01103F52DE,1570-79044,,17,27.9,68,11.4,,BCCH,,
11/21/2019,,TH,RFID Purple,Red/Alum,01103F7D73,1570-79046,,18.9,27.8,69,12.2,,BCCH,,